client,server
field_70461_c,field_70461_c
field_76511_m,field_76511_m
func_48285_a,func_48285_a
field_76719_c,field_76719_c
field_72005_bk,field_72005_bk
func_48558_a,func_48558_a
field_77994_a,field_77994_a
field_77687_V,field_77687_V
func_244_a,func_244_a
field_76168_c,field_76168_c
field_75008_c,field_75008_c
field_72994_J,field_72994_J
field_76237_B,field_76237_B
field_75288_k,field_75288_k
field_77717_p,field_77717_p
field_75194_a,field_75194_a
field_75906_d,field_75906_d
field_76165_d,field_76165_d
field_75980_h,field_75980_h
field_70426_j,field_70426_j
field_70203_e,field_70203_e
field_75842_i,field_75842_i
field_70979_e,field_70979_e
field_76238_C,field_76238_C
field_77342_w,field_77342_w
field_71983_r,field_71983_r
field_72213_c,field_72213_c
field_76650_s,field_76650_s
field_72056_aG,field_72056_aG
func_48185_a,func_48185_a
field_77761_aM,field_77761_aM
field_73597_d,field_73597_d
field_77776_ba,field_77776_ba
field_70325_p,field_70325_p
field_75883_c,field_75883_c
field_70464_b,field_70464_b
field_72334_f,field_72334_f
field_75355_c,field_75355_c
field_72258_a,field_72258_a
field_71945_L,field_71945_L
field_76843_c,field_76843_c
field_48404_b,field_48404_b
field_77198_c,field_77198_c
field_76370_b,field_76370_b
field_71092_bJ,field_71092_bJ
field_73511_g,field_73511_g
field_75327_c,field_75327_c
field_75455_b,field_75455_b
field_73495_c,field_73495_c
field_73223_w,field_73223_w
field_74903_a,field_74903_a
field_70837_d,field_70837_d
field_70138_W,field_70138_W
field_76692_f,field_76692_f
field_40558_d,field_40558_d
field_73662_b,field_73662_b
field_70204_b,field_70204_b
field_72102_bH,field_72102_bH
field_73224_v,field_73224_v
field_70699_by,field_70699_by
field_73005_l,field_73005_l
func_364_b,func_364_b
field_76717_e,field_76717_e
field_1060_a,field_1060_a
field_70991_bC,field_70991_bC
field_70127_C,field_70127_C
field_76718_b,field_76718_b
field_76751_G,field_76751_G
field_72049_aP,field_72049_aP
field_76051_d,field_76051_d
field_20020_a,field_20020_a
field_76791_y,field_76791_y
field_76758_O,field_76758_O
field_70697_bw,field_70697_bw
field_77495_a,field_77495_a
field_76789_p,field_76789_p
field_70172_ad,field_70172_ad
field_70760_ar,field_70760_ar
func_717_a,func_717_a
field_75480_c,field_75480_c
field_77580_a,field_77580_a
field_77769_aE,field_77769_aE
field_77812_ad,field_77812_ad
field_77716_q,field_77716_q
field_77827_a,field_77827_a
field_70176_ah,field_70176_ah
field_77819_bI,field_77819_bI
field_75992_c,field_75992_c
func_20119_a,func_20119_a
field_999_a,field_999_a
field_76808_K,field_76808_K
field_76011_n,field_76011_n
func_572_a,func_572_a
field_76828_s,field_76828_s
field_75021_a,field_75021_a
field_48292_a,field_48292_a
field_76784_u,field_76784_u
field_76825_v,field_76825_v
field_70516_a,field_70516_a
func_4057_a,func_4057_a
field_76019_w,field_76019_w
field_77816_ab,field_77816_ab
field_72998_d,field_72998_d
field_77855_a,field_77855_a
field_74839_a,field_74839_a
field_75959_z,field_75959_z
field_73565_b,field_73565_b
field_70163_u,field_70163_u
field_77684_U,field_77684_U
func_750_a,func_750_a
field_76505_b,field_76505_b
field_75367_f,field_75367_f
field_76149_c,field_76149_c
field_75663_a,field_75663_a
field_70291_e,field_70291_e
field_71305_c,field_71305_c
field_72409_l,field_72409_l
field_76945_e,field_76945_e
field_76112_r,field_76112_r
field_77729_bt,field_77729_bt
field_74907_a,field_74907_a
field_70159_w,field_70159_w
field_70253_h,field_70253_h
field_20027_c,field_20027_c
field_76207_d,field_76207_d
field_75626_c,field_75626_c
field_75768_d,field_75768_d
field_40313_c,field_40313_c
field_77689_P,field_77689_P
field_71951_J,field_71951_J
field_73520_f,field_73520_f
field_72400_f,field_72400_f
func_434_a,func_434_a
field_73358_d,field_73358_d
field_76538_a,field_76538_a
func_396_a,func_396_a
field_76144_a,field_76144_a
field_76325_b,field_76325_b
field_77698_e,field_77698_e
field_72054_aE,field_72054_aE
field_72222_c,field_72222_c
field_70392_b,field_70392_b
field_76760_I,field_76760_I
field_77497_a,field_77497_a
field_758_c,field_758_c
field_73448_d,field_73448_d
field_75441_b,field_75441_b
field_70248_e,field_70248_e
field_70121_D,field_70121_D
field_73639_c,field_73639_c
func_48587_f,func_48587_f
field_76578_c,field_76578_c
field_73400_a,field_73400_a
field_21121_K,field_21121_K
field_35484_b,field_35484_b
field_71997_br,field_71997_br
field_77333_a,field_77333_a
field_73441_e,field_73441_e
field_73482_e,field_73482_e
field_71991_bz,field_71991_bz
field_73212_b,field_73212_b
field_77598_a,field_77598_a
field_71993_bv,field_71993_bv
func_48646_a,func_48646_a
field_76679_g,field_76679_g
field_71582_c,field_71582_c
func_35571_a,func_35571_a
func_20095_a,func_20095_a
field_74926_d,field_74926_d
field_77876_a,field_77876_a
field_72039_aU,field_72039_aU
field_77591_a,field_77591_a
field_70881_d,field_70881_d
field_73388_b,field_73388_b
field_73197_n,field_73197_n
field_48302_a,field_48302_a
field_77788_aw,field_77788_aw
field_70505_a,field_70505_a
field_76021_u,field_76021_u
field_74741_a,field_74741_a
field_70705_bn,field_70705_bn
field_70765_h,field_70765_h
field_76280_c,field_76280_c
func_596_a,func_596_a
field_75377_e,field_75377_e
field_75580_f,field_75580_f
field_70995_bG,field_70995_bG
field_71960_R,field_71960_R
field_70701_bs,field_70701_bs
func_766_a,func_766_a
field_73636_c,field_73636_c
field_70219_an,field_70219_an
field_75432_d,field_75432_d
field_70191_b,field_70191_b
func_589_a,func_589_a
field_76384_q,field_76384_q
field_75960_y,field_75960_y
field_75612_c,field_75612_c
field_76287_k,field_76287_k
field_76817_o,field_76817_o
field_70263_c,field_70263_c
field_78002_g,field_78002_g
field_75451_c,field_75451_c
field_70993_bI,field_70993_bI
field_74886_g,field_74886_g
field_73366_b,field_73366_b
field_73199_l,field_73199_l
field_76214_b,field_76214_b
field_77194_a,field_77194_a
field_72058_az,field_72058_az
field_77733_bq,field_77733_bq
field_77756_aW,field_77756_aW
field_76202_j,field_76202_j
field_75157_g,field_75157_g
field_76108_i,field_76108_i
func_517_a,func_517_a
field_72307_f,field_72307_f
field_77355_B,field_77355_B
field_75158_e,field_75158_e
field_72084_bK,field_72084_bK
field_73216_o,field_73216_o
func_48432_a,func_48432_a
field_75840_j,field_75840_j
field_73471_b,field_73471_b
field_72308_g,field_72308_g
field_74755_a,field_74755_a
field_70347_c,field_70347_c
field_76313_b,field_76313_b
func_284_h,func_284_h
field_76190_i,field_76190_i
func_40041_a,func_40041_a
field_74928_c,field_74928_c
field_73208_f,field_73208_f
field_76649_t,field_76649_t
field_72080_bM,field_72080_bM
field_76823_i,field_76823_i
field_48290_b,field_48290_b
field_75019_b,field_75019_b
field_70756_c,field_70756_c
func_453_a,func_453_a
field_77682_J,field_77682_J
func_35322_a,func_35322_a
field_72123_a,field_72123_a
field_22213_a,field_22213_a
field_75235_b,field_75235_b
field_76774_n,field_76774_n
field_70151_c,field_70151_c
field_75583_e,field_75583_e
func_35201_a,func_35201_a
field_75316_a,field_75316_a
field_72031_aZ,field_72031_aZ
field_72032_aY,field_72032_aY
field_73014_t,field_73014_t
field_70710_bk,field_70710_bk
field_76481_c,field_76481_c
field_76440_q,field_76440_q
field_70144_Y,field_70144_Y
field_76722_b,field_76722_b
field_75424_a,field_75424_a
field_77809_bD,field_77809_bD
field_73469_b,field_73469_b
func_48481_a,func_48481_a
field_70709_bj,field_70709_bj
field_77286_a,field_77286_a
field_77280_f,field_77280_f
field_70273_g,field_70273_g
func_162_a,func_162_a
field_78010_h,field_78010_h
func_609_a,func_609_a
func_40402_a,func_40402_a
func_21136_b,func_21136_b
field_76890_b,field_76890_b
field_20032_a,field_20032_a
field_75182_e,field_75182_e
field_77820_ah,field_77820_ah
field_73624_c,field_73624_c
field_75257_c,field_75257_c
field_75975_e,field_75975_e
func_329_a,func_329_a
func_40286_a,func_40286_a
field_77574_d,field_77574_d
field_72001_bo,field_72001_bo
field_48199_d,field_48199_d
field_73656_e,field_73656_e
field_40573_a,field_40573_a
field_77791_bV,field_77791_bV
field_70233_c,field_70233_c
field_75605_d,field_75605_d
field_72194_a,field_72194_a
field_75935_H,field_75935_H
func_254_a,func_254_a
field_73334_a,field_73334_a
field_74815_b,field_74815_b
field_73374_b,field_73374_b
field_73504_d,field_73504_d
field_76265_p,field_76265_p
field_70415_b,field_70415_b
field_76169_a,field_76169_a
field_76683_c,field_76683_c
field_73232_y,field_73232_y
field_72312_c,field_72312_c
field_77672_G,field_77672_G
field_70987_i,field_70987_i
field_75167_g,field_75167_g
func_35018_a,func_35018_a
field_73659_a,field_73659_a
field_72337_e,field_72337_e
field_70166_s,field_70166_s
field_75271_b,field_75271_b
field_72166_a,field_72166_a
field_75263_d,field_75263_d
field_72245_a,field_72245_a
field_48244_a,field_48244_a
field_76769_d,field_76769_d
field_73091_c,field_73091_c
field_76833_y,field_76833_y
field_75127_a,field_75127_a
field_70980_b,field_70980_b
field_73424_c,field_73424_c
field_75074_b,field_75074_b
field_70246_g,field_70246_g
field_75839_a,field_75839_a
func_551_a,func_551_a
func_48420_a,func_48420_a
field_71990_ca,field_71990_ca
field_77991_e,field_77991_e
field_75340_b,field_75340_b
field_77708_h,field_77708_h
field_77579_b,field_77579_b
field_76517_b,field_76517_b
func_35330_a,func_35330_a
field_77896_a,field_77896_a
field_78895_b,field_78895_b
field_71986_z,field_71986_z
func_40495_b,func_40495_b
field_74952_b,field_74952_b
field_75956_r,field_75956_r
field_73387_d,field_73387_d
field_70728_aV,field_70728_aV
field_75518_j,field_75518_j
field_28119_b,field_28119_b
field_71970_n,field_71970_n
field_70363_a,field_70363_a
field_73416_h,field_73416_h
field_71083_bS,field_71083_bS
field_73512_d,field_73512_d
field_75002_c,field_75002_c
field_40263_b,field_40263_b
field_73498_k,field_73498_k
field_75511_d,field_75511_d
field_20019_b,field_20019_b
field_75221_f,field_75221_f
field_76720_a,field_76720_a
field_70737_aN,field_70737_aN
func_21127_a,func_21127_a
field_73497_j,field_73497_j
field_70749_g,field_70749_g
func_732_a,func_732_a
field_72174_b,field_72174_b
field_71074_e,field_71074_e
field_77359_A,field_77359_A
field_77276_a,field_77276_a
field_74972_a,field_74972_a
field_73373_a,field_73373_a
field_70133_I,field_70133_I
field_72448_b,field_72448_b
field_75321_e,field_75321_e
field_75453_d,field_75453_d
field_70733_aJ,field_70733_aJ
field_77744_bd,field_77744_bd
field_72119_a,field_72119_a
func_27009_a,func_27009_a
func_4060_a,func_4060_a
field_73411_d,field_73411_d
field_73450_b,field_73450_b
field_76753_B,field_76753_B
field_73182_t,field_73182_t
field_76097_e,field_76097_e
field_35485_c,field_35485_c
func_35498_a,func_35498_a
field_75314_a,field_75314_a
field_70417_a,field_70417_a
field_73550_d,field_73550_d
field_75983_a,field_75983_a
field_72017_co,field_72017_co
field_76277_d,field_76277_d
field_70201_g,field_70201_g
field_70425_a,field_70425_a
field_75289_h,field_75289_h
func_22203_a,func_22203_a
field_72018_cp,field_72018_cp
field_75097_g,field_75097_g
field_70202_d,field_70202_d
field_76015_j,field_76015_j
field_77854_c,field_77854_c
field_75076_c,field_75076_c
field_75611_b,field_75611_b
field_70978_d,field_70978_d
field_76506_c,field_76506_c
field_75940_b,field_75940_b
field_71572_b,field_71572_b
field_77330_e,field_77330_e
field_70230_d,field_70230_d
field_75482_h,field_75482_h
field_70326_a,field_70326_a
field_77746_aZ,field_77746_aZ
field_70511_i,field_70511_i
field_75943_n,field_75943_n
field_72065_as,field_72065_as
field_76198_e,field_76198_e
func_473_a,func_473_a
field_40314_a,field_40314_a
field_77922_b,field_77922_b
field_76373_n,field_76373_n
field_75427_d,field_75427_d
field_76541_b,field_76541_b
field_73286_b,field_73286_b
field_76096_d,field_76096_d
field_75352_d,field_75352_d
field_76693_g,field_76693_g
field_75882_b,field_75882_b
field_77780_as,field_77780_as
field_77770_aF,field_77770_aF
field_74752_a,field_74752_a
field_73225_u,field_73225_u
field_74905_a,field_74905_a
field_76111_s,field_76111_s
func_177_a,func_177_a
field_76782_w,field_76782_w
field_76580_h,field_76580_h
field_73654_g,field_73654_g
field_73486_j,field_73486_j
field_46105_a,field_46105_a
field_73523_e,field_73523_e
func_28166_b,func_28166_b
field_77187_a,field_77187_a
field_77880_c,field_77880_c
field_75526_a,field_75526_a
field_77521_c,field_77521_c
field_73566_c,field_73566_c
field_71087_bX,field_71087_bX
field_71573_c,field_71573_c
field_72003_bq,field_72003_bq
field_72013_bc,field_72013_bc
field_73390_a,field_73390_a
field_73298_b,field_73298_b
field_70738_aO,field_70738_aO
field_35375_a,field_35375_a
field_70122_E,field_70122_E
field_77344_u,field_77344_u
field_75088_b,field_75088_b
field_73564_e,field_73564_e
field_73506_b,field_73506_b
func_352_a,func_352_a
field_77927_l,field_77927_l
field_76703_i,field_76703_i
field_75149_d,field_75149_d
func_229_a,func_229_a
field_40295_c,field_40295_c
field_73446_a,field_73446_a
func_21024_a,func_21024_a
field_76532_c,field_76532_c
func_40482_a,func_40482_a
field_76785_t,field_76785_t
func_20159_a,func_20159_a
field_71959_S,field_71959_S
field_70195_i,field_70195_i
field_73311_a,field_73311_a
field_75728_z,field_75728_z
field_72681_a,field_72681_a
field_75993_a,field_75993_a
field_73190_f,field_73190_f
field_70292_b,field_70292_b
func_378_a,func_378_a
field_76024_r,field_76024_r
func_224_a,func_224_a
field_73319_a,field_73319_a
field_76247_b,field_76247_b
field_72997_g,field_72997_g
func_40650_a,func_40650_a
field_75553_e,field_75553_e
field_75087_d,field_75087_d
field_70214_h,field_70214_h
field_48237_a,field_48237_a
field_76438_s,field_76438_s
field_71952_K,field_71952_K
field_72130_a,field_72130_a
field_75203_d,field_75203_d
field_77758_aJ,field_77758_aJ
field_75435_c,field_75435_c
field_70155_l,field_70155_l
field_76537_a,field_76537_a
field_73415_a,field_73415_a
field_75556_a,field_75556_a
field_77993_c,field_77993_c
field_70776_bF,field_70776_bF
field_76814_c,field_76814_c
field_77721_bz,field_77721_bz
field_70925_g,field_70925_g
field_77496_b,field_77496_b
func_50011_a,func_50011_a
field_75476_g,field_75476_g
field_78001_f,field_78001_f
field_77692_Y,field_77692_Y
field_72279_a,field_72279_a
field_75733_a,field_75733_a
field_76639_c,field_76639_c
field_77797_bJ,field_77797_bJ
func_48532_a,func_48532_a
field_76323_d,field_76323_d
field_77351_y,field_77351_y
field_76105_j,field_76105_j
field_74748_a,field_74748_a
field_73215_n,field_73215_n
field_21900_a,field_21900_a
field_70343_g,field_70343_g
field_75023_b,field_75023_b
field_71103_bH,field_71103_bH
field_71581_b,field_71581_b
field_73533_a,field_73533_a
field_77727_br,field_77727_br
func_35532_a,func_35532_a
field_73204_i,field_73204_i
field_35064_a,field_35064_a
field_70698_bv,field_70698_bv
field_72069_aq,field_72069_aq
field_72679_b,field_72679_b
func_219_b,func_219_b
field_76575_d,field_76575_d
field_478_b,field_478_b
func_35648_a,func_35648_a
field_71994_by,field_71994_by
func_27092_a,func_27092_a
field_76778_j,field_76778_j
field_764_a,field_764_a
func_264_a,func_264_a
field_75155_e,field_75155_e
field_70359_a,field_70359_a
func_28149_a,func_28149_a
field_73162_c,field_73162_c
field_75587_j,field_75587_j
field_763_b,field_763_b
field_75057_g,field_75057_g
field_75509_f,field_75509_f
field_76636_d,field_76636_d
field_73628_b,field_73628_b
field_75428_e,field_75428_e
field_70148_d,field_70148_d
field_76257_i,field_76257_i
field_70189_d,field_70189_d
func_342_a,func_342_a
field_71961_Y,field_71961_Y
field_75929_E,field_75929_E
field_73361_c,field_73361_c
field_73621_d,field_73621_d
field_75421_d,field_75421_d
func_50020_b,func_50020_b
field_75393_c,field_75393_c
field_70479_a,field_70479_a
func_40212_d,func_40212_d
func_771_a,func_771_a
field_76215_c,field_76215_c
field_76647_h,field_76647_h
field_70380_h,field_70380_h
field_77741_bi,field_77741_bi
field_75299_d,field_75299_d
func_28022_b,func_28022_b
field_71968_b,field_71968_b
field_73661_d,field_73661_d
field_75808_a,field_75808_a
field_70914_e,field_70914_e
field_75403_e,field_75403_e
field_72340_a,field_72340_a
field_73436_b,field_73436_b
field_73478_a,field_73478_a
field_75460_a,field_75460_a
field_75290_i,field_75290_i
field_76807_J,field_76807_J
field_70154_o,field_70154_o
func_636_a,func_636_a
field_78742_a,field_78742_a
field_73603_i,field_73603_i
field_75998_D,field_75998_D
field_76312_d,field_76312_d
field_70237_h,field_70237_h
field_75168_e,field_75168_e
field_72288_c,field_72288_c
field_75346_b,field_75346_b
field_77140_h,field_77140_h
field_73331_e,field_73331_e
field_77180_e,field_77180_e
field_73540_g,field_73540_g
field_77360_B,field_77360_B
field_76822_h,field_76822_h
field_75259_d,field_75259_d
field_75703_B,field_75703_B
field_74816_c,field_74816_c
field_40486_a,field_40486_a
field_73503_f,field_73503_f
field_77749_aR,field_77749_aR
func_774_a,func_774_a
field_75951_w,field_75951_w
field_73336_d,field_73336_d
field_76944_d,field_76944_d
func_46136_a,func_46136_a
field_72076_bV,field_72076_bV
field_75162_e,field_75162_e
func_35325_a,func_35325_a
field_71129_f,field_71129_f
field_76640_a,field_76640_a
field_75264_e,field_75264_e
field_75977_c,field_75977_c
field_70457_g,field_70457_g
field_77522_a,field_77522_a
field_73013_u,field_73013_u
field_71996_bs,field_71996_bs
field_70372_g,field_70372_g
field_827_a,field_827_a
field_77743_bc,field_77743_bc
field_77747_aY,field_77747_aY
field_74956_b,field_74956_b
field_75996_k,field_75996_k
field_76773_a,field_76773_a
field_70696_bz,field_70696_bz
field_70257_an,field_70257_an
field_75222_d,field_75222_d
field_71075_bZ,field_71075_bZ
func_157_a,func_157_a
field_76288_h,field_76288_h
field_76512_j,field_76512_j
field_70757_a,field_70757_a
func_633_c,func_633_c
field_73592_a,field_73592_a
field_48242_b,field_48242_b
field_74914_a,field_74914_a
field_76001_A,field_76001_A
field_73175_o,field_73175_o
field_73545_a,field_73545_a
field_75704_C,field_75704_C
field_76520_b,field_76520_b
field_75256_b,field_75256_b
func_688_b,func_688_b
field_71992_bw,field_71992_bw
field_75932_A,field_75932_A
field_72091_am,field_72091_am
field_70529_d,field_70529_d
field_76000_F,field_76000_F
field_70412_a,field_70412_a
field_70356_d,field_70356_d
field_75645_e,field_75645_e
field_75555_c,field_75555_c
field_76488_a,field_76488_a
field_73616_a,field_73616_a
field_71139_cq,field_71139_cq
field_70789_a,field_70789_a
field_75191_d,field_75191_d
field_73375_a,field_73375_a
field_77852_bZ,field_77852_bZ
field_70179_y,field_70179_y
field_73318_c,field_73318_c
field_72042_aI,field_72042_aI
field_75411_a,field_75411_a
field_77804_ap,field_77804_ap
field_73619_c,field_73619_c
field_72012_bb,field_72012_bb
field_72339_c,field_72339_c
func_20107_a,func_20107_a
field_70206_a,field_70206_a
func_21161_a,func_21161_a
field_73658_c,field_73658_c
field_72336_d,field_72336_d
field_72992_H,field_72992_H
field_73341_d,field_73341_d
field_76830_q,field_76830_q
field_76382_s,field_76382_s
field_70466_a,field_70466_a
field_73308_d,field_73308_d
field_75552_d,field_75552_d
field_73598_e,field_73598_e
field_75946_m,field_75946_m
field_75192_b,field_75192_b
field_70981_c,field_70981_c
field_70245_f,field_70245_f
field_76203_h,field_76203_h
field_70420_g,field_70420_g
field_70834_e,field_70834_e
field_76842_b,field_76842_b
field_70136_U,field_70136_U
field_76781_i,field_76781_i
field_75862_f,field_75862_f
field_77707_k,field_77707_k
field_75936_f,field_75936_f
field_78892_f,field_78892_f
field_75017_a,field_75017_a
field_71985_p,field_71985_p
field_70287_a,field_70287_a
field_76652_q,field_76652_q
field_71972_l,field_71972_l
field_77768_aD,field_77768_aD
field_75326_b,field_75326_b
field_73386_a,field_73386_a
field_75588_h,field_75588_h
field_74909_b,field_74909_b
field_73229_q,field_73229_q
field_73020_y,field_73020_y
field_76376_m,field_76376_m
field_73513_e,field_73513_e
field_70324_q,field_70324_q
field_76450_c,field_76450_c
field_48406_a,field_48406_a
field_75357_h,field_75357_h
field_77669_D,field_77669_D
field_73221_h,field_73221_h
field_76694_d,field_76694_d
field_77335_o,field_77335_o
field_71135_a,field_71135_a
func_208_a,func_208_a
field_75750_c,field_75750_c
field_71072_f,field_71072_f
field_77738_bf,field_77738_bf
field_73514_b,field_73514_b
field_75941_c,field_75941_c
func_382_a,func_382_a
field_76379_h,field_76379_h
func_733_a,func_733_a
field_73003_n,field_73003_n
field_77670_E,field_77670_E
field_75171_k,field_75171_k
field_77863_c,field_77863_c
field_72059_bZ,field_72059_bZ
field_70976_f,field_70976_f
field_71574_a,field_71574_a
field_70141_P,field_70141_P
field_76752_A,field_76752_A
field_75005_a,field_75005_a
field_73185_q,field_73185_q
field_76278_e,field_76278_e
field_77588_a,field_77588_a
field_73551_e,field_73551_e
field_75319_g,field_75319_g
field_77719_y,field_77719_y
field_20022_c,field_20022_c
field_72986_A,field_72986_A
field_73452_a,field_73452_a
field_70258_b,field_70258_b
field_72046_aM,field_72046_aM
func_35587_b,func_35587_b
field_75125_b,field_75125_b
field_73296_b,field_73296_b
field_76507_a,field_76507_a
field_73291_a,field_73291_a
field_75990_d,field_75990_d
func_756_e,func_756_e
field_73604_b,field_73604_b
field_70124_G,field_70124_G
field_70510_h,field_70510_h
field_75332_b,field_75332_b
field_75444_h,field_75444_h
field_75963_b,field_75963_b
field_70160_al,field_70160_al
field_70259_a,field_70259_a
field_76801_G,field_76801_G
field_70211_j,field_70211_j
field_77921_e,field_77921_e
field_72002_bp,field_72002_bp
field_70165_t,field_70165_t
field_76119_d,field_76119_d
field_48160_a,field_48160_a
field_72103_ag,field_72103_ag
field_77755_aX,field_77755_aX
field_77867_c,field_77867_c
field_76242_K,field_76242_K
field_70744_aE,field_70744_aE
func_651_a,func_651_a
field_75950_i,field_75950_i
field_76783_v,field_76783_v
field_70843_d,field_70843_d
field_73384_b,field_73384_b
func_472_a,func_472_a
field_71076_b,field_71076_b
field_77929_j,field_77929_j
field_77760_aL,field_77760_aL
field_77774_bZ,field_77774_bZ
field_77864_a,field_77864_a
field_73487_h,field_73487_h
func_40343_a,func_40343_a
field_73299_c,field_73299_c
field_72313_a,field_72313_a
field_73522_d,field_73522_d
field_72988_C,field_72988_C
field_77584_b,field_77584_b
field_73317_b,field_73317_b
func_490_a,func_490_a
field_73480_g,field_73480_g
field_72101_ab,field_72101_ab
field_75337_g,field_75337_g
field_70390_d,field_70390_d
field_77862_b,field_77862_b
field_71957_Q,field_71957_Q
field_75075_a,field_75075_a
field_76327_a,field_76327_a
field_77696_g,field_77696_g
field_75443_a,field_75443_a
field_72105_ah,field_72105_ah
field_70774_bB,field_70774_bB
field_70207_at,field_70207_at
field_28053_c,field_28053_c
func_28171_a,func_28171_a
func_35639_a,func_35639_a
field_77610_b,field_77610_b
field_21026_bg,field_21026_bg
field_75952_v,field_75952_v
field_70190_e,field_70190_e
field_75359_i,field_75359_i
func_20093_a,func_20093_a
field_75060_e,field_75060_e
field_70158_ak,field_70158_ak
field_75020_c,field_75020_c
field_77806_am,field_77806_am
field_46112_b,field_46112_b
field_70194_h,field_70194_h
field_77693_X,field_77693_X
field_76430_j,field_76430_j
field_75308_c,field_75308_c
func_48497_a,func_48497_a
field_77290_i,field_77290_i
field_70193_a,field_70193_a
field_76286_j,field_76286_j
field_76027_z,field_76027_z
field_77783_bR,field_77783_bR
field_70704_bt,field_70704_bt
field_73635_b,field_73635_b
field_75383_d,field_75383_d
field_70162_ai,field_70162_ai
field_75582_d,field_75582_d
field_70700_bx,field_70700_bx
field_76553_a,field_76553_a
field_76577_b,field_76577_b
field_76888_d,field_76888_d
field_75375_g,field_75375_g
field_76799_E,field_76799_E
field_73170_e,field_73170_e
field_70719_bd,field_70719_bd
field_76250_n,field_76250_n
field_72027_ce,field_72027_ce
field_72067_ar,field_72067_ar
func_28102_a,func_28102_a
func_40639_a,func_40639_a
field_72051_aB,field_72051_aB
field_73287_r,field_73287_r
func_43001_a,func_43001_a
field_72107_ae,field_72107_ae
field_73180_h,field_73180_h
field_76211_a,field_76211_a
field_75942_a,field_75942_a
field_76815_a,field_76815_a
field_73364_c,field_73364_c
field_74746_b,field_74746_b
field_70870_bE,field_70870_bE
field_73534_d,field_73534_d
field_76887_g,field_76887_g
field_77352_x,field_77352_x
field_74749_a,field_74749_a
field_75654_g,field_75654_g
field_70407_a,field_70407_a
func_511_b,func_511_b
field_75305_a,field_75305_a
field_70348_a,field_70348_a
field_76290_q,field_76290_q
field_77798_ai,field_77798_ai
func_344_a,func_344_a
field_73435_a,field_73435_a
field_72414_i,field_72414_i
field_76524_a,field_76524_a
field_70793_d,field_70793_d
field_70139_V,field_70139_V
field_76821_k,field_76821_k
field_76433_i,field_76433_i
field_76648_i,field_76648_i
field_72815_e,field_72815_e
field_75187_g,field_75187_g
field_73169_d,field_73169_d
field_76772_c,field_76772_c
field_73161_b,field_73161_b
field_75066_a,field_75066_a
func_21033_c,func_21033_c
field_72311_b,field_72311_b
field_75056_f,field_75056_f
field_72287_b,field_72287_b
field_70149_e,field_70149_e
field_75429_b,field_75429_b
field_77282_d,field_77282_d
field_72030_cd,field_72030_cd
field_73541_d,field_73541_d
field_73016_r,field_73016_r
field_71071_by,field_71071_by
field_71086_bY,field_71086_bY
field_77339_k,field_77339_k
field_76462_a,field_76462_a
field_76724_a,field_76724_a
field_75422_b,field_75422_b
field_75390_d,field_75390_d
func_40283_a,func_40283_a
field_70771_an,field_70771_an
field_71093_bK,field_71093_bK
func_554_a,func_554_a
field_76646_k,field_76646_k
field_70381_i,field_70381_i
field_73629_c,field_73629_c
field_70170_p,field_70170_p
func_351_a,func_351_a
field_77766_aB,field_77766_aB
field_35436_a,field_35436_a
field_70752_e,field_70752_e
func_48500_a,func_48500_a
field_75297_f,field_75297_f
field_503_c,field_503_c
func_28153_a,func_28153_a
field_75478_e,field_75478_e
field_75937_g,field_75937_g
func_327_a,func_327_a
field_76421_d,field_76421_d
field_76013_l,field_76013_l
field_76419_f,field_76419_f
field_74899_a,field_74899_a
field_70275_e,field_70275_e
field_70238_i,field_70238_i
field_48118_d,field_48118_d
field_73421_d,field_73421_d
field_73543_b,field_73543_b
field_71977_i,field_71977_i
func_600_a,func_600_a
field_75258_a,field_75258_a
field_77183_a,field_77183_a
field_70750_az,field_70750_az
field_77757_aI,field_77757_aI
field_74896_a,field_74896_a
field_74817_a,field_74817_a
field_77762_aN,field_77762_aN
field_75702_A,field_75702_A
field_73502_s,field_73502_s
field_76260_u,field_76260_u
field_70272_f,field_70272_f
field_76681_e,field_76681_e
func_22086_b,func_22086_b
field_76301_c,field_76301_c
field_40461_A,field_40461_A
func_28099_a,func_28099_a
field_76412_L,field_76412_L
field_77734_bj,field_77734_bj
func_21162_a,func_21162_a
field_75165_i,field_75165_i
field_76002_B,field_76002_B
field_70985_j,field_70985_j
field_72011_bi,field_72011_bi
field_75265_b,field_75265_b
func_35374_a,func_35374_a
func_561_a,func_561_a
field_77850_cb,field_77850_cb
field_74955_d,field_74955_d
field_76436_u,field_76436_u
field_77838_b,field_77838_b
field_77336_l,field_77336_l
field_70994_bF,field_70994_bF
field_77800_aj,field_77800_aj
field_73434_c,field_73434_c
field_76504_e,field_76504_e
field_75834_g,field_75834_g
field_77674_B,field_77674_B
field_70331_k,field_70331_k
field_73614_b,field_73614_b
field_71980_u,field_71980_u
field_75223_e,field_75223_e
field_28055_a,field_28055_a
field_76766_R,field_76766_R
field_71988_x,field_71988_x
field_78897_a,field_78897_a
field_72589_p,field_72589_p
field_829_a,field_829_a
field_76835_L,field_76835_L
field_76387_p,field_76387_p
field_75833_f,field_75833_f
field_73389_c,field_73389_c
field_74913_b,field_74913_b
field_75098_d,field_75098_d
field_77859_b,field_77859_b
func_701_b,func_701_b
field_70173_aa,field_70173_aa
func_4103_a,func_4103_a
func_689_a,func_689_a
field_71068_ca,field_71068_ca
field_72025_cg,field_72025_cg
field_73000_b,field_73000_b
field_70786_d,field_70786_d
field_77858_cd,field_77858_cd
field_71944_C,field_71944_C
field_73176_l,field_73176_l
func_581_a,func_581_a
field_72257_b,field_72257_b
func_40496_a,func_40496_a
field_75245_a,field_75245_a
field_72083_ai,field_72083_ai
field_76018_i,field_76018_i
field_73344_c,field_73344_c
func_4026_a,func_4026_a
field_75410_c,field_75410_c
func_35082_a,func_35082_a
field_73413_b,field_73413_b
func_620_h,func_620_h
field_72006_bl,field_72006_bl
func_21129_b,func_21129_b
field_76756_M,field_76756_M
field_73429_b,field_73429_b
field_76429_m,field_76429_m
func_35003_a,func_35003_a
field_72157_b,field_72157_b
field_76095_g,field_76095_g
field_70205_c,field_70205_c
field_76275_f,field_76275_f
func_40436_c,func_40436_c
field_75459_b,field_75459_b
field_73552_b,field_73552_b
field_76714_f,field_76714_f
field_73340_a,field_73340_a
field_34900_Q,field_34900_Q
field_72995_K,field_72995_K
field_72068_bR,field_72068_bR
field_76236_A,field_76236_A
field_70427_h,field_70427_h
field_75907_b,field_75907_b
func_21114_a,func_21114_a
field_75863_g,field_75863_g
field_70286_c,field_70286_c
field_77332_c,field_77332_c
field_72212_b,field_72212_b
field_75991_b,field_75991_b
field_76106_k,field_76106_k
field_73601_a,field_73601_a
field_70465_c,field_70465_c
field_75945_l,field_75945_l
field_75678_a,field_75678_a
field_70775_bC,field_70775_bC
field_73602_h,field_73602_h
field_76844_a,field_76844_a
field_71946_M,field_71946_M
field_78741_b,field_78741_b
field_75864_d,field_75864_d
field_76695_e,field_76695_e
field_75354_b,field_75354_b
field_70758_at,field_70758_at
field_73222_i,field_73222_i
field_76371_c,field_76371_c
field_75169_l,field_75169_l
field_75406_a,field_75406_a
field_20017_a,field_20017_a
field_75835_d,field_75835_d
field_73395_c,field_73395_c
field_76121_c,field_76121_c
field_70716_bi,field_70716_bi
field_76196_g,field_76196_g
field_76780_h,field_76780_h
field_77346_s,field_77346_s
field_72985_G,field_72985_G
field_75739_b,field_75739_b
field_72094_bD,field_72094_bD
field_73418_b,field_73418_b
func_25126_b,func_25126_b
field_76509_o,field_76509_o
field_77714_s,field_77714_s
field_75179_f,field_75179_f
field_76199_b,field_76199_b
field_73525_c,field_73525_c
field_76723_c,field_76723_c
field_75369_e,field_75369_e
field_70358_c,field_70358_c
func_40017_a,func_40017_a
field_73396_a,field_73396_a
field_76424_c,field_76424_c
field_35677_c,field_35677_c
func_40307_a,func_40307_a
field_997_a,field_997_a
func_41024_b,func_41024_b
field_72096_bE,field_72096_bE
field_20023_b,field_20023_b
func_20117_a,func_20117_a
field_77794_ak,field_77794_ak
func_716_a,func_716_a
field_77582_a,field_77582_a
func_48588_a,func_48588_a
field_70152_a,field_70152_a
field_76701_k,field_76701_k
field_73444_a,field_73444_a
field_72004_bj,field_72004_bj
func_20118_a,func_20118_a
func_375_a,func_375_a
field_73192_d,field_73192_d
field_76534_b,field_76534_b
field_72588_q,field_72588_q
field_75275_a,field_75275_a
field_70125_A,field_70125_A
field_35678_a,field_35678_a
field_70478_c,field_70478_c
field_40499_g,field_40499_g
field_71102_ce,field_71102_ce
field_73539_f,field_73539_f
field_75999_E,field_75999_E
field_76256_h,field_76256_h
field_70503_b,field_70503_b
field_35109_b,field_35109_b
field_75662_b,field_75662_b
field_73638_b,field_73638_b
field_70290_d,field_70290_d
field_75623_d,field_75623_d
field_75274_b,field_75274_b
field_70882_e,field_70882_e
field_75939_e,field_75939_e
field_77818_ag,field_77818_ag
field_74754_a,field_74754_a
field_76948_e,field_76948_e
field_76378_k,field_76378_k
field_71950_I,field_71950_I
field_77724_by,field_77724_by
field_75381_h,field_75381_h
field_73637_a,field_73637_a
func_41025_i,func_41025_i
field_70157_k,field_70157_k
field_73310_c,field_73310_c
field_70264_a,field_70264_a
field_77178_g,field_77178_g
field_76107_h,field_76107_h
field_73538_a,field_73538_a
field_70393_c,field_70393_c
field_76324_e,field_76324_e
field_75537_a,field_75537_a
field_76539_b,field_76539_b
field_75852_a,field_75852_a
field_70927_j,field_70927_j
field_75100_b,field_75100_b
field_77699_b,field_77699_b
field_72310_e,field_72310_e
field_44015_a,field_44015_a
field_73218_m,field_73218_m
field_77932_i,field_77932_i
field_76812_e,field_76812_e
field_75731_b,field_75731_b
field_73562_h,field_73562_h
field_481_e,field_481_e
field_77171_e,field_77171_e
field_76579_a,field_76579_a
func_4007_a,func_4007_a
field_70989_bE,field_70989_bE
field_75772_a,field_75772_a
field_77690_S,field_77690_S
field_73213_c,field_73213_c
field_76678_f,field_76678_f
field_77350_z,field_77350_z
field_75300_e,field_75300_e
field_75029_a,field_75029_a
field_46113_c,field_46113_c
field_71583_a,field_71583_a
func_358_c,func_358_c
func_35570_a,func_35570_a
func_40350_a,func_40350_a
field_35062_a,field_35062_a
field_72089_ap,field_72089_ap
field_73472_a,field_73472_a
field_76891_c,field_76891_c
func_4009_a,func_4009_a
field_70342_f,field_70342_f
field_76503_d,field_76503_d
field_75884_a,field_75884_a
field_75152_c,field_75152_c
field_73664_a,field_73664_a
field_77681_I,field_77681_I
func_35438_a,func_35438_a
field_77585_a,field_77585_a
field_75055_e,field_75055_e
func_40591_a,func_40591_a
field_76634_f,field_76634_f
field_75516_l,field_75516_l
field_78008_j,field_78008_j
field_75376_d,field_75376_d
field_77686_W,field_77686_W
field_75236_a,field_75236_a
field_75238_b,field_75238_b
field_70362_b,field_70362_b
field_75351_g,field_75351_g
field_76771_b,field_76771_b
field_75695_b,field_75695_b
field_75589_i,field_75589_i
field_76418_K,field_76418_K
field_73536_b,field_73536_b
field_76266_z,field_76266_z
field_72075_av,field_72075_av
field_838_c,field_838_c
field_73626_b,field_73626_b
field_76251_o,field_76251_o
field_75653_f,field_75653_f
field_72008_bf,field_72008_bf
field_73163_a,field_73163_a
field_71967_e,field_71967_e
field_76245_d,field_76245_d
field_70187_f,field_70187_f
field_75015_a,field_75015_a
field_70514_an,field_70514_an
field_70147_f,field_70147_f
field_75395_b,field_75395_b
field_76414_N,field_76414_N
field_74887_e,field_74887_e
func_559_a,func_559_a
field_73367_a,field_73367_a
field_75239_a,field_75239_a
field_70406_c,field_70406_c
field_76645_j,field_76645_j
field_70405_b,field_70405_b
field_70533_a,field_70533_a
field_70725_aQ,field_70725_aQ
field_71995_bx,field_71995_bx
field_76291_p,field_76291_p
field_72007_bm,field_72007_bm
field_76315_a,field_76315_a
field_76829_r,field_76829_r
field_72163_b,field_72163_b
func_516_a,func_516_a
field_73548_f,field_73548_f
field_76299_d,field_76299_d
field_73021_x,field_73021_x
field_70277_c,field_70277_c
field_75292_b,field_75292_b
field_75740_c,field_75740_c
field_70521_d,field_70521_d
field_70231_e,field_70231_e
field_76525_a,field_76525_a
field_70792_g,field_70792_g
field_72024_cj,field_72024_cj
field_73008_k,field_73008_k
field_76820_j,field_76820_j
field_72009_bg,field_72009_bg
field_73333_c,field_73333_c
field_73501_t,field_73501_t
field_70732_aI,field_70732_aI
field_72036_aT,field_72036_aT
field_76417_J,field_76417_J
field_71939_E,field_71939_E
field_76684_a,field_76684_a
func_48428_a,func_48428_a
field_73338_b,field_73338_b
field_70708_bq,field_70708_bq
field_75979_j,field_75979_j
field_70459_e,field_70459_e
field_77327_f,field_77327_f
field_76447_d,field_76447_d
field_72052_aC,field_72052_aC
func_729_b,func_729_b
field_73437_c,field_73437_c
field_73015_s,field_73015_s
field_72275_a,field_72275_a
func_48647_a,func_48647_a
field_72289_a,field_72289_a
field_73172_c,field_73172_c
func_159_a,func_159_a
field_76314_c,field_76314_c
field_70794_e,field_70794_e
field_77283_e,field_77283_e
field_48289_e,field_48289_e
field_77779_bT,field_77779_bT
field_70899_e,field_70899_e
func_683_a,func_683_a
field_75001_b,field_75001_b
field_70208_as,field_70208_as
field_76765_S,field_76765_S
field_75514_c,field_75514_c
field_75224_c,field_75224_c
field_77704_l,field_77704_l
func_40023_a,func_40023_a
field_75934_C,field_75934_C
field_70723_bA,field_70723_bA
field_70523_b,field_70523_b
field_72077_au,field_72077_au
func_28115_a,func_28115_a
field_76268_x,field_76268_x
field_675_a,field_675_a
field_74923_b,field_74923_b
field_73383_a,field_73383_a
field_73426_b,field_73426_b
field_73657_b,field_73657_b
field_76009_c,field_76009_c
field_72575_b,field_72575_b
field_70788_c,field_70788_c
field_77990_d,field_77990_d
field_70736_aM,field_70736_aM
field_77992_b,field_77992_b
field_70986_h,field_70986_h
func_4064_a,func_4064_a
field_75313_b,field_75313_b
field_73620_a,field_73620_a
func_736_a,func_736_a
field_76832_z,field_76832_z
field_70747_aH,field_70747_aH
field_76233_E,field_76233_E
field_76380_i,field_76380_i
field_75090_a,field_75090_a
field_75284_a,field_75284_a
field_75949_h,field_75949_h
field_70247_d,field_70247_d
field_76302_b,field_76302_b
field_1059_b,field_1059_b
field_77604_b,field_77604_b
field_77337_m,field_77337_m
field_72294_a,field_72294_a
field_70329_l,field_70329_l
field_76749_E,field_76749_E
field_77154_e,field_77154_e
field_77790_av,field_77790_av
field_77709_i,field_77709_i
field_77931_h,field_77931_h
field_76699_l,field_76699_l
field_71987_y,field_71987_y
field_78894_e,field_78894_e
field_70281_h,field_70281_h
field_77754_aU,field_77754_aU
field_75677_c,field_75677_c
field_73554_a,field_73554_a
field_76120_b,field_76120_b
field_75909_a,field_75909_a
field_76003_C,field_76003_C
field_73009_h,field_73009_h
field_76374_o,field_76374_o
field_75323_c,field_75323_c
field_76195_f,field_76195_f
field_75173_i,field_75173_i
field_70131_O,field_70131_O
field_70833_d,field_70833_d
field_76696_b,field_76696_b
field_76427_o,field_76427_o
field_76930_a,field_76930_a
field_75868_a,field_75868_a
func_35613_a,func_35613_a
field_73515_c,field_73515_c
func_700_a,func_700_a
func_4102_a,func_4102_a
field_71568_a,field_71568_a
field_70795_b,field_70795_b
func_216_a,func_216_a
field_71941_G,field_71941_G
field_73342_e,field_73342_e
field_75039_c,field_75039_c
field_73451_c,field_73451_c
field_73220_k,field_73220_k
field_73001_c,field_73001_c
field_77745_be,field_77745_be
field_76050_f,field_76050_f
field_72104_bI,field_72104_bI
field_76755_L,field_76755_L
field_72573_d,field_72573_d
field_73412_e,field_73412_e
field_73393_a,field_73393_a
field_73183_s,field_73183_s
field_76428_l,field_76428_l
func_35004_a,func_35004_a
field_77799_bK,field_77799_bK
field_72100_bC,field_72100_bC
field_76276_g,field_76276_g
field_76235_G,field_76235_G
field_20024_a,field_20024_a
field_73553_c,field_73553_c
field_77739_bg,field_77739_bg
field_77343_v,field_77343_v
field_76827_t,field_76827_t
field_72015_be,field_72015_be
field_75865_e,field_75865_e
func_35585_a,func_35585_a
field_76014_m,field_76014_m
field_77712_u,field_77712_u
field_76420_g,field_76420_g
field_76779_k,field_76779_k
field_70216_i,field_70216_i
field_72817_c,field_72817_c
field_77919_g,field_77919_g
field_75338_d,field_75338_d
func_754_a,func_754_a
field_73294_l,field_73294_l
field_77822_ae,field_77822_ae
field_72186_a,field_72186_a
field_77851_ca,field_77851_ca
field_73606_a,field_73606_a
field_73479_f,field_73479_f
func_537_a,func_537_a
field_76788_q,field_76788_q
field_71577_f,field_71577_f
field_76803_B,field_76803_B
field_76583_b,field_76583_b
field_75914_b,field_75914_b
field_77732_bp,field_77732_bp
field_75958_p,field_75958_p
field_76540_a,field_76540_a
field_75407_h,field_75407_h
field_76501_f,field_76501_f
field_70167_r,field_70167_r
func_20115_a,func_20115_a
func_21028_c,func_21028_c
field_77781_bS,field_77781_bS
field_73315_d,field_73315_d
field_73300_a,field_73300_a
func_227_a,func_227_a
field_72405_c,field_72405_c
field_74753_a,field_74753_a
field_75624_e,field_75624_e
field_76240_I,field_76240_I
field_77737_bm,field_77737_bm
field_73217_l,field_73217_l
field_73485_a,field_73485_a
field_75364_c,field_75364_c
field_72982_D,field_72982_D
field_77715_r,field_77715_r
field_75206_c,field_75206_c
field_73524_b,field_73524_b
field_76947_d,field_76947_d
field_71106_cc,field_71106_cc
func_657_a,func_657_a
field_77930_k,field_77930_k
field_76367_g,field_76367_g
field_76035_a,field_76035_a
field_35676_b,field_35676_b
field_71981_t,field_71981_t
field_71955_W,field_71955_W
field_77752_aS,field_77752_aS
field_75851_b,field_75851_b
field_77345_t,field_77345_t
field_77895_b,field_77895_b
field_77694_Z,field_77694_Z
field_76702_h,field_76702_h
field_76641_n,field_76641_n
field_75368_d,field_75368_d
func_21070_a,func_21070_a
field_70929_i,field_70929_i
field_71070_bA,field_71070_bA
field_46114_a,field_46114_a
field_71586_b,field_71586_b
field_76533_a,field_76533_a
func_21025_b,func_21025_b
func_48639_a,func_48639_a
field_77136_e,field_77136_e
field_74934_a,field_74934_a
field_71958_P,field_71958_P
field_76026_p,field_76026_p
field_76432_h,field_76432_h
field_70703_bu,field_70703_bu
field_75386_c,field_75386_c
field_73193_e,field_73193_e
field_44007_b,field_44007_b
field_72020_cn,field_72020_cn
field_76025_q,field_76025_q
field_76834_x,field_76834_x
field_70504_c,field_70504_c
field_76284_l,field_76284_l
field_48159_b,field_48159_b
field_76100_a,field_76100_a
field_73198_o,field_73198_o
field_39000_a,field_39000_a
field_73627_a,field_73627_a
field_75373_a,field_75373_a
field_73632_b,field_73632_b
field_75584_b,field_75584_b
field_75380_a,field_75380_a
field_76285_m,field_76285_m
field_72131_c,field_72131_c
field_72035_aQ,field_72035_aQ
field_75436_a,field_75436_a
field_70156_m,field_70156_m
field_70953_g,field_70953_g
field_70735_aL,field_70735_aL
field_71947_N,field_71947_N
field_75656_e,field_75656_e
field_76104_m,field_76104_m
func_40641_a,func_40641_a
field_76213_e,field_76213_e
field_76813_b,field_76813_b
field_75627_a,field_75627_a
field_72698_e,field_72698_e
field_77767_aC,field_77767_aC
field_75477_d,field_75477_d
field_73431_a,field_73431_a
field_76638_b,field_76638_b
field_77735_bk,field_77735_bk
field_72278_b,field_72278_b
field_70911_d,field_70911_d
field_73532_c,field_73532_c
field_75732_c,field_75732_c
field_77358_D,field_77358_D
field_72534_f,field_72534_f
field_72411_j,field_72411_j
field_71108_cd,field_71108_cd
field_70484_a,field_70484_a
field_77179_d,field_77179_d
func_20004_a,func_20004_a
func_40290_a,func_40290_a
field_77763_aO,field_77763_aO
field_75342_a,field_75342_a
field_77688_Q,field_77688_Q
field_76008_b,field_76008_b
field_76292_a,field_76292_a
field_72082_bJ,field_72082_bJ
field_71104_cf,field_71104_cf
field_73214_a,field_73214_a
field_73362_a,field_73362_a
field_77857_cc,field_77857_cc
field_76253_m,field_76253_m
field_73419_c,field_73419_c
field_77764_aP,field_77764_aP
field_74901_a,field_74901_a
field_75153_a,field_75153_a
field_72230_a,field_72230_a
field_77731_bo,field_77731_bo
field_75054_f,field_75054_f
field_479_a,field_479_a
field_73337_e,field_73337_e
field_75154_f,field_75154_f
field_75181_e,field_75181_e
field_77868_c,field_77868_c
field_76244_g,field_76244_g
field_73432_a,field_73432_a
field_75944_o,field_75944_o
field_70377_c,field_70377_c
field_76943_g,field_76943_g
func_46135_a,func_46135_a
field_73623_b,field_73623_b
field_70153_n,field_70153_n
field_76523_a,field_76523_a
field_76055_a,field_76055_a
field_76770_e,field_76770_e
func_485_a,func_485_a
func_770_a,func_770_a
field_74998_a,field_74998_a
field_73010_i,field_73010_i
field_70174_ab,field_70174_ab
field_70707_bp,field_70707_bp
field_72022_cl,field_72022_cl
field_70140_Q,field_70140_Q
field_73018_p,field_73018_p
field_70188_g,field_70188_g
field_71966_d,field_71966_d
field_48166_c,field_48166_c
field_72134_cr,field_72134_cr
field_75409_b,field_75409_b
field_75392_b,field_75392_b
field_75420_a,field_75420_a
field_78048_f,field_78048_f
field_70181_x,field_70181_x
field_76150_a,field_76150_a
field_77284_b,field_77284_b
field_76022_t,field_76022_t
field_76644_m,field_76644_m
field_75938_d,field_75938_d
field_73546_h,field_73546_h
field_72061_ba,field_72061_ba
field_70712_bm,field_70712_bm
field_77679_O,field_77679_O
field_70178_ae,field_70178_ae
field_75592_a,field_75592_a
field_72164_a,field_72164_a
field_76262_s,field_76262_s
field_70411_c,field_70411_c
field_75648_a,field_75648_a
field_75931_G,field_75931_G
field_77836_a,field_77836_a
field_75613_a,field_75613_a
field_75266_c,field_75266_c
field_76824_w,field_76824_w
field_70236_j,field_70236_j
field_77578_a,field_77578_a
field_72053_aD,field_72053_aD
field_70260_b,field_70260_b
field_71067_cb,field_71067_cb
field_71979_v,field_71979_v
field_76306_b,field_76306_b
field_73492_d,field_73492_d
field_71069_bz,field_71069_bz
func_41004_h,func_41004_h
field_77361_a,field_77361_a
field_70739_aP,field_70739_aP
field_77181_b,field_77181_b
field_73330_d,field_73330_d
field_73423_b,field_73423_b
func_48658_a,func_48658_a
field_73508_a,field_73508_a
field_72050_aA,field_72050_aA
field_75700_E,field_75700_E
field_77765_aA,field_77765_aA
field_70274_d,field_70274_d
field_73500_i,field_73500_i
field_76005_g,field_76005_g
field_73370_e,field_73370_e
field_70759_as,field_70759_as
func_22085_d,func_22085_d
func_48559_a,func_48559_a
func_35475_a,func_35475_a
field_75836_e,field_75836_e
field_76510_l,field_76510_l
field_73339_c,field_73339_c
field_76687_b,field_76687_b
field_76518_a,field_76518_a
field_75163_j,field_75163_j
field_76197_d,field_76197_d
field_75976_b,field_75976_b
field_73549_g,field_73549_g
field_73007_j,field_73007_j
field_75867_c,field_75867_c
field_73428_d,field_73428_d
field_76790_z,field_76790_z
field_75009_a,field_75009_a
field_76763_Q,field_76763_Q
field_76816_n,field_76816_n
field_72033_bA,field_72033_bA
field_826_a,field_826_a
field_77676_L,field_77676_L
field_72108_bG,field_72108_bG
field_74957_c,field_74957_c
field_70988_bD,field_70988_bD
field_77826_b,field_77826_b
field_76762_K,field_76762_K
field_71567_b,field_71567_b
field_72045_aL,field_72045_aL
field_71982_s,field_71982_s
field_73173_a,field_73173_a
field_76651_r,field_76651_r
field_76513_k,field_76513_k
field_72037_aS,field_72037_aS
field_77151_f,field_77151_f
field_77742_bb,field_77742_bb
field_72192_a,field_72192_a
field_48241_e,field_48241_e
field_75123_d,field_75123_d
field_48405_c,field_48405_c
field_70134_J,field_70134_J
field_74784_a,field_74784_a
field_73414_c,field_73414_c
field_75454_e,field_75454_e
field_76166_e,field_76166_e
func_48127_b,func_48127_b
func_48655_c,func_48655_c
field_76637_e,field_76637_e
func_4105_a,func_4105_a
field_77139_a,field_77139_a
field_75244_a,field_75244_a
field_75515_a,field_75515_a
field_73516_a,field_73516_a
field_73531_b,field_73531_b
field_70520_f,field_70520_f
field_25081_b,field_25081_b
field_73493_e,field_73493_e
field_77824_af,field_77824_af
field_73535_e,field_73535_e
field_75554_b,field_75554_b
field_73006_m,field_73006_m
field_73410_g,field_73410_g
field_73382_b,field_73382_b
field_77748_bA,field_77748_bA
field_76716_d,field_76716_d
field_71081_bT,field_71081_bT
field_76886_f,field_76886_f
field_75517_m,field_75517_m
field_77275_b,field_77275_b
field_75456_c,field_75456_c
field_70827_d,field_70827_d
field_75416_d,field_75416_d
func_249_b,func_249_b
field_77801_bP,field_77801_bP
field_76750_F,field_76750_F
field_71077_c,field_71077_c
field_72574_e,field_72574_e
field_76052_e,field_76052_e
field_75310_g,field_75310_g
field_70460_b,field_70460_b
field_72026_ch,field_72026_ch
field_77803_bQ,field_77803_bQ
func_48527_b,func_48527_b
field_73640_a,field_73640_a
field_76098_b,field_76098_b
field_75947_j,field_75947_j
field_70467_a,field_70467_a
field_73309_b,field_73309_b
func_28169_a,func_28169_a
field_28120_a,field_28120_a
field_70421_d,field_70421_d
field_70898_d,field_70898_d
field_75948_k,field_75948_k
field_71949_H,field_71949_H
field_76234_F,field_76234_F
field_72993_I,field_72993_I
field_72214_a,field_72214_a
field_77784_aq,field_77784_aq
field_77334_n,field_77334_n
func_573_b,func_573_b
field_70711_bl,field_70711_bl
field_70428_i,field_70428_i
field_75908_c,field_75908_c
field_75676_b,field_75676_b
func_40291_a,func_40291_a
field_73555_f,field_73555_f
field_76584_c,field_76584_c
field_76377_j,field_76377_j
field_70254_i,field_70254_i
field_75170_j,field_75170_j
field_73228_r,field_73228_r
field_75356_a,field_75356_a
field_70217_ao,field_70217_ao
field_76806_I,field_76806_I
field_70323_b,field_70323_b
field_75400_f,field_75400_f
field_72044_aK,field_72044_aK
field_75869_h,field_75869_h
field_76697_c,field_76697_c
field_76502_g,field_76502_g
field_75408_d,field_75408_d
field_71940_F,field_71940_F
field_75038_b,field_75038_b
field_70349_h,field_70349_h
field_74756_a,field_74756_a
field_73528_i,field_73528_i
field_72990_M,field_72990_M
field_76786_s,field_76786_s
field_72987_B,field_72987_B
func_713_a,func_713_a
field_74751_a,field_74751_a
func_437_a,func_437_a
field_73422_e,field_73422_e
field_77349_p,field_77349_p
field_493_e,field_493_e
field_73527_h,field_73527_h
field_76688_c,field_76688_c
field_71090_bL,field_71090_bL
field_70357_b,field_70357_b
field_20025_e,field_20025_e
field_46101_d,field_46101_d
field_70126_B,field_70126_B
field_35675_e,field_35675_e
func_535_a,func_535_a
field_71975_k,field_71975_k
field_75363_b,field_75363_b
field_756_e,field_756_e
func_522_a,func_522_a
field_73442_b,field_73442_b
field_77713_t,field_77713_t
func_35567_b,func_35567_b
field_73483_b,field_73483_b
field_73297_a,field_73297_a
field_75339_e,field_75339_e
field_77879_b,field_77879_b
field_76700_j,field_76700_j
func_494_a,func_494_a
field_71989_cb,field_71989_cb
field_75273_a,field_75273_a
field_70224_b,field_70224_b
field_70255_ao,field_70255_ao
func_347_a,func_347_a
field_77133_f,field_77133_f
field_72048_aO,field_72048_aO
field_76029_x,field_76029_x
field_70848_e,field_70848_e
field_75479_b,field_75479_b
field_72016_cq,field_72016_cq
field_70772_bD,field_70772_bD
field_76437_t,field_76437_t
field_73194_b,field_73194_b
field_70501_d,field_70501_d
field_76020_v,field_76020_v
field_76012_o,field_76012_o
field_71588_a,field_71588_a
func_502_a,func_502_a
field_70869_bD,field_70869_bD
field_75957_q,field_75957_q
field_76243_f,field_76243_f
field_74922_a,field_74922_a
field_70477_b,field_70477_b
field_70509_j,field_70509_j
field_71100_bB,field_71100_bB
field_75625_b,field_75625_b
field_72097_ad,field_72097_ad
field_40191_b,field_40191_b
field_76283_o,field_76283_o
field_72093_an,field_72093_an
field_76574_g,field_76574_g
field_77795_bM,field_77795_bM
field_73631_a,field_73631_a
field_75207_a,field_75207_a
field_70966_a,field_70966_a
field_75431_a,field_75431_a
field_73316_e,field_73316_e
field_35103_b,field_35103_b
func_761_a,func_761_a
field_76101_n,field_76101_n
field_76102_o,field_76102_o
field_74931_h,field_74931_h
field_40498_f,field_40498_f
field_73211_e,field_73211_e
field_76818_l,field_76818_l
field_70262_b,field_70262_b
func_40043_a,func_40043_a
field_77587_b,field_77587_b
field_71956_V,field_71956_V
field_76326_c,field_76326_c
field_75102_a,field_75102_a
field_77725_bx,field_77725_bx
field_72175_a,field_72175_a
field_76810_g,field_76810_g
field_77720_x,field_77720_x
func_28170_a,func_28170_a
field_73537_c,field_73537_c
field_76635_g,field_76635_g
field_75770_b,field_75770_b
field_74976_a,field_74976_a
field_70483_a,field_70483_a
func_393_a,func_393_a
func_640_a,func_640_a
field_70223_e,field_70223_e
func_40297_a,func_40297_a
field_77839_a,field_77839_a
field_75150_e,field_75150_e
field_71105_bI,field_71105_bI
field_77356_a,field_77356_a
field_71585_d,field_71585_d
func_567_a,func_567_a
field_72034_aR,field_72034_aR
func_35576_a,func_35576_a
func_394_a,func_394_a
field_71107_bF,field_71107_bF
func_20090_a,func_20090_a
field_75737_d,field_75737_d
field_77137_b,field_77137_b
field_75159_h,field_75159_h
func_21160_a,func_21160_a
field_70344_d,field_70344_d
field_73470_a,field_73470_a
field_75841_h,field_75841_h
field_73061_a,field_73061_a
field_75644_d,field_75644_d
field_77870_a,field_77870_a
field_76259_v,field_76259_v
field_77138_c,field_77138_c
field_73439_f,field_73439_f
field_75309_a,field_75309_a
field_72078_bL,field_72078_bL
field_70762_j,field_70762_j
field_77881_a,field_77881_a
field_70715_bh,field_70715_bh
field_71101_bC,field_71101_bC
field_73200_m,field_73200_m
field_74920_a,field_74920_a
field_77683_K,field_77683_K
field_76942_f,field_76942_f
field_75964_a,field_75964_a
field_77817_bH,field_77817_bH
field_48165_b,field_48165_b
field_70727_aS,field_70727_aS
field_76889_e,field_76889_e
field_74929_a,field_74929_a
field_73209_g,field_73209_g
field_70952_f,field_70952_f
field_76777_m,field_76777_m
field_75697_a,field_75697_a
func_40298_a,func_40298_a
func_28103_a,func_28103_a
field_70531_b,field_70531_b
field_75655_d,field_75655_d
field_72014_bd,field_72014_bd
field_75329_f,field_75329_f
field_70128_L,field_70128_L
field_75013_b,field_75013_b
field_39001_b,field_39001_b
field_71965_g,field_71965_g
field_70145_X,field_70145_X
field_76585_a,field_76585_a
field_70726_aT,field_70726_aT
field_76258_w,field_76258_w
field_75397_a,field_75397_a
field_73365_a,field_73365_a
field_74885_f,field_74885_f
field_70791_f,field_70791_f
field_73433_b,field_73433_b
field_76643_l,field_76643_l
field_70404_d,field_70404_d
field_76804_C,field_76804_C
func_722_a,func_722_a
field_78011_i,field_78011_i
field_70742_aC,field_70742_aC
field_72010_bh,field_72010_bh
func_328_a,func_328_a
field_73633_c,field_73633_c
field_75972_f,field_75972_f
field_77329_d,field_77329_d
func_40287_a,func_40287_a
field_75401_g,field_75401_g
field_73445_b,field_73445_b
field_75521_i,field_75521_i
field_72063_at,field_72063_at
field_76946_f,field_76946_f
field_76826_u,field_76826_u
field_70513_ap,field_70513_ap
field_73507_c,field_73507_c
field_75180_g,field_75180_g
field_70746_aG,field_70746_aG
field_75294_a,field_75294_a
field_76892_a,field_76892_a
field_20034_a,field_20034_a
field_77753_aV,field_77753_aV
field_76303_c,field_76303_c
field_74911_a,field_74911_a
field_70720_be,field_70720_be
field_75372_a,field_75372_a
field_75405_c,field_75405_c
field_77174_a,field_77174_a
field_76344_a,field_76344_a
field_73231_z,field_73231_z
field_75166_f,field_75166_f
field_77671_F,field_77671_F
field_75260_b,field_75260_b
field_72284_a,field_72284_a
field_77736_bl,field_77736_bl
field_77576_b,field_77576_b
field_75738_e,field_75738_e
field_75838_c,field_75838_c
field_75126_c,field_75126_c
field_75161_g,field_75161_g
func_166_a,func_166_a
field_73017_q,field_73017_q
field_76385_p,field_76385_p
field_76682_b,field_76682_b
field_70376_r,field_70376_r
field_76516_a,field_76516_a
func_40282_a,func_40282_a
field_76767_f,field_76767_f
func_21004_a,func_21004_a
field_77285_c,field_77285_c
field_75519_k,field_75519_k
field_70419_f,field_70419_f
field_71971_o,field_71971_o
field_77811_bE,field_77811_bE
field_72099_aa,field_72099_aa
func_48650_a,func_48650_a
field_73178_j,field_73178_j
field_77678_N,field_77678_N
field_75622_f,field_75622_f
field_75040_a,field_75040_a
field_75512_e,field_75512_e
field_73398_b,field_73398_b
field_75226_a,field_75226_a
field_77813_bB,field_77813_bB
field_70416_a,field_70416_a
field_72577_a,field_72577_a
field_75961_x,field_75961_x
func_35376_a,func_35376_a
field_75267_a,field_75267_a
field_40081_b,field_40081_b
field_73385_a,field_73385_a
field_73420_a,field_73420_a
field_73655_d,field_73655_d
field_70132_H,field_70132_H
field_76307_a,field_76307_a
field_71133_b,field_71133_b
field_76798_D,field_76798_D
field_70522_e,field_70522_e
field_75452_a,field_75452_a
field_75320_d,field_75320_d
field_75415_f,field_75415_f
func_20104_a,func_20104_a
field_73371_b,field_73371_b
field_77815_bC,field_77815_bC
field_76004_f,field_76004_f
field_72095_ac,field_72095_ac
field_76261_t,field_76261_t
func_48556_c,func_48556_c
field_72109_af,field_72109_af
field_76300_b,field_76300_b
field_75315_b,field_75315_b
field_73612_d,field_73612_d
field_75328_a,field_75328_a
field_73174_n,field_73174_n
field_77338_j,field_77338_j
field_72218_a,field_72218_a
field_72996_f,field_72996_f
field_77772_aH,field_77772_aH
field_34903_b,field_34903_b
field_70424_c,field_70424_c
field_75096_f,field_75096_f
field_46132_a,field_46132_a
field_76167_b,field_76167_b
field_70249_b,field_70249_b
field_77853_b,field_77853_b
field_70847_d,field_70847_d
field_70724_aR,field_70724_aR
field_73615_c,field_73615_c
field_70838_e,field_70838_e
field_76239_H,field_76239_H
field_20155_a,field_20155_a
field_77331_b,field_77331_b
field_71998_bu,field_71998_bu
field_70423_b,field_70423_b
func_35007_a,func_35007_a
field_73595_f,field_73595_f
field_77866_c,field_77866_c
field_78896_c,field_78896_c
field_70327_n,field_70327_n
field_73345_a,field_73345_a
field_48167_a,field_48167_a
field_76386_o,field_76386_o
field_75675_d,field_75675_d
field_75457_a,field_75457_a
field_75325_h,field_75325_h
field_70137_T,field_70137_T
field_76372_a,field_76372_a
field_75225_a,field_75225_a
field_75099_e,field_75099_e
field_71953_U,field_71953_U
field_71943_B,field_71943_B
field_75825_d,field_75825_d
field_77751_aT,field_77751_aT
func_25088_a,func_25088_a
field_76425_a,field_76425_a
field_73494_b,field_73494_b
field_73226_t,field_73226_t
field_72043_aJ,field_72043_aJ
field_73563_d,field_73563_d
field_76841_d,field_76841_d
func_230_a,func_230_a
field_75520_h,field_75520_h
func_25125_a,func_25125_a
func_40497_a,func_40497_a
field_21133_a,field_21133_a
field_76757_N,field_76757_N
func_35002_a,func_35002_a
field_73181_i,field_73181_i
field_76053_b,field_76053_b
field_76094_f,field_76094_f
field_70209_ar,field_70209_ar
field_71073_d,field_71073_d
field_76715_g,field_76715_g
func_243_a,func_243_a
field_76054_c,field_76054_c
field_77926_o,field_77926_o
field_77710_w,field_77710_w
field_71948_O,field_71948_O
field_77802_ao,field_77802_ao
field_70713_bf,field_70713_bf
func_48463_a,func_48463_a
field_77703_o,field_77703_o
field_73600_c,field_73600_c
field_75448_d,field_75448_d
func_20112_a,func_20112_a
field_71579_d,field_71579_d
field_73312_b,field_73312_b
field_73210_d,field_73210_d
field_76201_a,field_76201_a
func_48622_a,func_48622_a
field_70161_v,field_70161_v
field_72680_c,field_72680_c
field_76805_H,field_76805_H
field_75365_a,field_75365_a
field_75953_u,field_75953_u
field_76542_a,field_76542_a
field_70169_q,field_70169_q
field_75324_a,field_75324_a
field_73394_b,field_73394_b
field_77340_h,field_77340_h
field_73002_a,field_73002_a
field_70293_c,field_70293_c
func_597_c,func_597_c
field_76246_e,field_76246_e
field_77723_bv,field_77723_bv
field_75954_t,field_75954_t
field_76114_p,field_76114_p
field_76787_r,field_76787_r
func_35435_b,func_35435_b
field_72057_aH,field_72057_aH
field_77347_r,field_77347_r
field_76439_r,field_76439_r
field_72267_a,field_72267_a
field_77759_aK,field_77759_aK
field_73409_f,field_73409_f
field_74750_a,field_74750_a
field_77348_q,field_77348_q
field_76249_a,field_76249_a
field_72221_b,field_72221_b
field_77789_bW,field_77789_bW
field_77885_a,field_77885_a
field_73526_a,field_73526_a
field_73301_a,field_73301_a
field_70123_F,field_70123_F
field_75204_e,field_75204_e
func_390_a,func_390_a
func_35076_b,func_35076_b
field_76928_b,field_76928_b
field_76368_d,field_76368_d
field_75089_c,field_75089_c
field_73567_a,field_73567_a
field_35674_d,field_35674_d
field_21163_b,field_21163_b
field_73295_m,field_73295_m
func_20156_a,func_20156_a
field_77134_g,field_77134_g
field_73443_c,field_73443_c
field_77695_f,field_77695_f
field_75101_c,field_75101_c
field_757_d,field_757_d
field_73484_c,field_73484_c
field_76748_D,field_76748_D
field_70171_ac,field_70171_ac
func_35573_a,func_35573_a
field_71580_e,field_71580_e
field_76535_a,field_76535_a
field_70525_a,field_70525_a
field_75423_c,field_75423_c
field_70702_br,field_70702_br
field_75391_e,field_75391_e
field_77597_b,field_77597_b
field_75065_b,field_75065_b
field_73195_c,field_73195_c
field_70977_g,field_70977_g
field_76023_s,field_76023_s
field_75387_a,field_75387_a
field_70767_i,field_70767_i
field_75304_b,field_75304_b
field_75439_d,field_75439_d
field_72098_bB,field_72098_bB
field_76282_n,field_76282_n
field_70175_ag,field_70175_ag
field_70761_aq,field_70761_aq
field_70883_f,field_70883_f
field_77805_bN,field_77805_bN
field_70717_bb,field_70717_bb
field_75659_a,field_75659_a
field_35400_a,field_35400_a
field_70150_b,field_70150_b
field_75430_c,field_75430_c
field_73630_a,field_73630_a
field_73288_c,field_73288_c
field_76573_f,field_76573_f
field_75603_f,field_75603_f
field_70955_e,field_70955_e
field_77785_bY,field_77785_bY
field_70197_d,field_70197_d
field_70857_d,field_70857_d
field_77787_bX,field_77787_bX
field_73369_d,field_73369_d
field_72178_a,field_72178_a
field_76819_m,field_76819_m
field_75928_D,field_75928_D
field_77691_R,field_77691_R
field_72029_cc,field_72029_cc
field_77777_bU,field_77777_bU
field_73530_e,field_73530_e
field_70796_c,field_70796_c
field_73360_b,field_73360_b
field_75699_D,field_75699_D
field_35110_c,field_35110_c
field_76212_d,field_76212_d
field_480_f,field_480_f
field_70482_c,field_70482_c
field_70992_bH,field_70992_bH
field_75771_c,field_75771_c
field_76254_j,field_76254_j
field_70222_d,field_70222_d
func_641_a,func_641_a
field_71584_h,field_71584_h
field_75151_b,field_75151_b
field_77357_C,field_77357_C
field_77575_e,field_77575_e
field_72309_d,field_72309_d
field_72818_a,field_72818_a
field_70225_c,field_70225_c
field_76449_b,field_76449_b
field_70842_d,field_70842_d
func_25080_a,func_25080_a
field_70897_f,field_70897_f
field_72055_aF,field_72055_aF
field_77808_an,field_77808_an
field_70345_e,field_70345_e
field_73425_a,field_73425_a
field_70797_a,field_70797_a
field_77606_a,field_77606_a
field_76528_a,field_76528_a
field_77680_H,field_77680_H
field_73438_a,field_73438_a
field_70990_bB,field_70990_bB
field_73201_j,field_73201_j
field_73430_c,field_73430_c
field_75767_f,field_75767_f
field_70379_j,field_70379_j
field_76776_l,field_76776_l
field_75237_g,field_75237_g
field_72450_a,field_72450_a
field_75604_g,field_75604_g
field_75696_c,field_75696_c
field_76521_c,field_76521_c
field_70798_h,field_70798_h
field_73625_a,field_73625_a
field_73012_v,field_73012_v
field_76460_b,field_76460_b
field_75272_a,field_75272_a
field_74917_c,field_74917_c
field_70371_f,field_70371_f
field_77494_b,field_77494_b
field_73542_e,field_73542_e
field_71964_f,field_71964_f
field_70146_Z,field_70146_Z
field_72021_ck,field_72021_ck
field_75394_a,field_75394_a
func_320_h,func_320_h
field_76033_b,field_76033_b
field_76642_o,field_76642_o
field_70530_e,field_70530_e
field_76147_d,field_76147_d
field_73544_c,field_73544_c
field_70866_j,field_70866_j
field_75255_d,field_75255_d
func_40404_a,func_40404_a
field_75590_b,field_75590_b
field_77796_al,field_77796_al
field_76028_y,field_76028_y
field_70734_aK,field_70734_aK
field_75933_B,field_75933_B
field_70872_bC,field_70872_bC
field_72244_a,field_72244_a
field_75973_g,field_75973_g
field_76007_e,field_76007_e
field_75741_a,field_75741_a
field_76415_H,field_76415_H
field_75188_e,field_75188_e
field_75606_e,field_75606_e
field_75646_b,field_75646_b
func_35017_a,func_35017_a
field_20041_b,field_20041_b
field_75285_l,field_75285_l
func_40629_a,func_40629_a
field_75268_b,field_75268_b
field_75748_d,field_75748_d
field_72019_cm,field_72019_cm
func_604_a,func_604_a
field_75978_a,field_75978_a
field_70458_d,field_70458_d
field_75481_a,field_75481_a
field_73332_b,field_73332_b
field_75749_b,field_75749_b
field_73372_c,field_73372_c
field_74813_d,field_74813_d
func_48284_a,func_48284_a
field_76416_I,field_76416_I
field_71938_D,field_71938_D
field_73230_p,field_73230_p
field_77807_bO,field_77807_bO
field_76122_a,field_76122_a
field_72338_b,field_72338_b
field_74910_c,field_74910_c
field_73618_b,field_73618_b
field_76685_h,field_76685_h
field_75837_b,field_75837_b
field_70232_b,field_70232_b
field_70865_by,field_70865_by
func_565_a,func_565_a
field_77577_c,field_77577_c
func_747_a,func_747_a
func_165_a,func_165_a
field_76831_p,field_76831_p
field_76383_r,field_76383_r
field_76413_M,field_76413_M
field_73599_b,field_73599_b
field_75193_c,field_75193_c
field_76792_x,field_76792_x
field_75160_f,field_75160_f
field_73171_b,field_73171_b
field_77706_j,field_77706_j
field_76764_P,field_76764_P
field_71984_q,field_71984_q
field_72293_a,field_72293_a
field_73191_g,field_73191_g
field_77882_bY,field_77882_bY
field_78893_d,field_78893_d
field_74958_a,field_74958_a
field_48288_d,field_48288_d
field_71974_j,field_71974_j
func_738_a,func_738_a
field_73004_o,field_73004_o
func_682_a,func_682_a
field_71976_h,field_71976_h
field_75513_b,field_75513_b
field_72040_aX,field_72040_aX
field_73510_f,field_73510_f
field_73179_k,field_73179_k
field_73496_a,field_73496_a
field_70164_aj,field_70164_aj
field_73518_h,field_73518_h
field_70836_g,field_70836_g
field_75751_a,field_75751_a
field_75227_a,field_75227_a
field_76461_c,field_76461_c
field_77705_m,field_77705_m
field_70502_e,field_70502_e
field_77860_a,field_77860_a
field_77740_bh,field_77740_bh
field_70378_a,field_70378_a
field_77856_bY,field_77856_bY
field_77193_b,field_77193_b
func_48630_c,func_48630_c
field_70512_ao,field_70512_ao
field_73559_b,field_73559_b
field_72087_ao,field_72087_ao
field_73417_d,field_73417_d
func_4062_a,func_4062_a
field_71999_bt,field_71999_bt
field_25082_a,field_25082_a
field_71099_bE,field_71099_bE
field_74916_b,field_74916_b
field_72023_ci,field_72023_ci
field_72576_c,field_72576_c
field_70462_a,field_70462_a
field_76099_c,field_76099_c
field_76279_b,field_76279_b
field_73184_r,field_73184_r
field_73556_g,field_73556_g
field_22158_c,field_22158_c
field_75981_i,field_75981_i
field_76759_H,field_76759_H
func_40432_e,func_40432_e
func_35080_a,func_35080_a
field_72999_e,field_72999_e
field_76802_A,field_76802_A
field_77730_bn,field_77730_bn
field_73427_a,field_73427_a
field_76017_h,field_76017_h
field_70200_f,field_70200_f
field_76232_D,field_76232_D
field_78055_h,field_78055_h
field_70218_ap,field_70218_ap
field_72991_N,field_72991_N
func_675_a,func_675_a
func_46115_a,func_46115_a
field_76809_f,field_76809_f
field_70256_ap,field_70256_ap
field_76010_a,field_76010_a
field_73605_c,field_73605_c
func_35008_a,func_35008_a
field_77677_M,field_77677_M
field_70422_e,field_70422_e
field_76698_a,field_76698_a
field_70328_o,field_70328_o
field_73557_d,field_73557_d
field_75172_h,field_75172_h
field_76800_F,field_76800_F
func_22126_b,func_22126_b
field_77920_d,field_77920_d
field_73343_b,field_73343_b
field_71942_A,field_71942_A
field_73529_d,field_73529_d
field_70729_aU,field_70729_aU
func_650_a,func_650_a
func_28003_b,func_28003_b
field_73227_s,field_73227_s
field_20026_d,field_20026_d
field_70252_j,field_70252_j
field_76426_n,field_76426_n
field_77697_d,field_77697_d
field_40312_b,field_40312_b
field_75769_e,field_75769_e
field_75586_a,field_75586_a
field_70751_d,field_70751_d
field_73488_i,field_73488_i
field_77841_a,field_77841_a
field_72449_c,field_72449_c
field_76422_e,field_76422_e
field_73521_g,field_73521_g
field_77771_aG,field_77771_aG
field_70142_S,field_70142_S
field_72989_L,field_72989_L
field_77718_z,field_77718_z
field_73392_b,field_73392_b
field_73481_d,field_73481_d
field_72223_a,field_72223_a
field_77775_ay,field_77775_ay
field_76522_a,field_76522_a
field_74953_a,field_74953_a
field_77773_az,field_77773_az
field_75434_b,field_75434_b
field_20901_a,field_20901_a
field_70755_b,field_70755_b
field_76929_c,field_76929_c
field_77793_bL,field_77793_bL
field_77341_i,field_77341_i
field_21120_L,field_21120_L
field_73440_d,field_73440_d
field_77711_v,field_77711_v
field_70983_bA,field_70983_bA
field_76530_d,field_76530_d
field_70887_j,field_70887_j
field_70180_af,field_70180_af
field_77918_f,field_77918_f
field_77287_j,field_77287_j
field_75449_e,field_75449_e
field_70129_M,field_70129_M
field_76431_k,field_76431_k
field_70773_bE,field_70773_bE
field_73313_a,field_73313_a
func_187_a,func_187_a
field_28134_b,field_28134_b
field_76016_k,field_76016_k
func_648_a,func_648_a
field_73196_a,field_73196_a
field_77728_bu,field_77728_bu
field_75995_m,field_75995_m
field_70210_aq,field_70210_aq
func_226_a,func_226_a
field_77778_at,field_77778_at
field_70192_c,field_70192_c
field_73314_f,field_73314_f
field_76289_i,field_76289_i
func_21147_a,func_21147_a
field_70394_a,field_70394_a
field_75955_s,field_75955_s
field_70250_c,field_70250_c
field_73634_a,field_73634_a
field_72000_bn,field_72000_bn
field_76200_c,field_76200_c
field_76241_J,field_76241_J
field_72081_al,field_72081_al
field_72404_b,field_72404_b
field_76576_e,field_76576_e
func_549_a,func_549_a
field_72041_aW,field_72041_aW
field_76248_c,field_76248_c
field_70714_bg,field_70714_bg
field_75866_b,field_75866_b
field_70294_a,field_70294_a
field_75205_b,field_75205_b
field_71306_a,field_71306_a
field_77810_ac,field_77810_ac
field_70221_f,field_70221_f
field_76366_f,field_76366_f
field_72135_b,field_72135_b
field_76103_l,field_76103_l
field_77722_bw,field_77722_bw
func_493_a,func_493_a
field_70718_bc,field_70718_bc
field_48580_b,field_48580_b
field_76369_e,field_76369_e
field_71954_T,field_71954_T
func_48446_a,func_48446_a
field_70261_a,field_70261_a
func_40453_a,func_40453_a
field_72060_ay,field_72060_ay
field_21164_a,field_21164_a
func_48656_a,func_48656_a
field_77726_bs,field_77726_bs
field_76148_b,field_76148_b
field_70228_f,field_70228_f
field_74747_a,field_74747_a
field_76189_a,field_76189_a
field_70481_b,field_70481_b
field_77865_bY,field_77865_bY
field_77786_ax,field_77786_ax
field_76508_n,field_76508_n
field_76032_d,field_76032_d
field_77353_D,field_77353_D
field_75156_f,field_75156_f
field_76451_a,field_76451_a
func_48142_a,func_48142_a
field_75591_c,field_75591_c
field_71587_c,field_71587_c
field_70810_d,field_70810_d
field_77814_aa,field_77814_aa
func_335_a,func_335_a
field_77177_f,field_77177_f
field_72983_E,field_72983_E
field_76515_i,field_76515_i
field_75025_b,field_75025_b
func_421_b,func_421_b
field_77354_A,field_77354_A
field_75475_f,field_75475_f
field_70229_g,field_70229_g
field_73202_k,field_73202_k
field_75371_c,field_75371_c
field_70346_b,field_70346_b
func_40003_b,func_40003_b
field_75307_b,field_75307_b
func_35434_a,func_35434_a
field_77170_d,field_77170_d
field_72038_aV,field_72038_aV
field_72816_b,field_72816_b
field_73476_b,field_73476_b
field_77685_T,field_77685_T
field_48291_c,field_48291_c
field_76441_p,field_76441_p
field_75658_c,field_75658_c
field_73168_g,field_73168_g
field_76267_y,field_76267_y
field_75058_e,field_75058_e
field_77520_b,field_77520_b
func_21073_a,func_21073_a
field_75585_c,field_75585_c
field_77878_bZ,field_77878_bZ
field_73160_d,field_73160_d
field_70954_d,field_70954_d
field_76775_o,field_76775_o
field_75657_b,field_75657_b
field_73368_a,field_73368_a
func_697_a,func_697_a
field_75011_a,field_75011_a
field_76482_a,field_76482_a
field_73167_f,field_73167_f
field_70815_f,field_70815_f
field_77782_ar,field_77782_ar
func_269_b,func_269_b
field_73363_b,field_73363_b
field_35111_a,field_35111_a
field_76281_a,field_76281_a
field_70984_by,field_70984_by
field_76034_c,field_76034_c
field_77792_au,field_77792_au
func_555_a,func_555_a
field_76255_k,field_76255_k
field_76172_a,field_76172_a
field_71109_bG,field_71109_bG
field_71962_X,field_71962_X
field_73663_c,field_73663_c
field_70143_R,field_70143_R
field_76448_e,field_76448_e
field_76252_l,field_76252_l
field_78049_g,field_78049_g
field_77837_a,field_77837_a
func_52013_a,func_52013_a
field_75974_d,field_75974_d
field_70828_e,field_70828_e
field_70235_a,field_70235_a
field_40055_d,field_40055_d
field_77830_a,field_77830_a
field_70375_b,field_70375_b
field_70234_an,field_70234_an
field_75353_e,field_75353_e
field_77182_c,field_77182_c
field_20021_d,field_20021_d
field_76689_a,field_76689_a
func_20088_a,func_20088_a
field_73505_e,field_73505_e
field_77328_g,field_77328_g
field_74814_e,field_74814_e
func_35309_a,func_35309_a
field_70130_N,field_70130_N
field_77750_aQ,field_77750_aQ
field_76680_d,field_76680_d
field_77673_A,field_77673_A
field_71088_bW,field_71088_bW
field_76811_d,field_76811_d
field_75581_g,field_75581_g
field_75164_h,field_75164_h
field_77362_C,field_77362_C
func_673_a,func_673_a
field_75262_a,field_75262_a
field_76768_g,field_76768_g
field_73011_w,field_73011_w
field_75124_e,field_75124_e
field_75442_c,field_75442_c
field_73019_z,field_73019_z
field_75334_a,field_75334_a
field_75341_c,field_75341_c
field_70330_m,field_70330_m
field_75450_b,field_75450_b
field_71963_Z,field_71963_Z
field_76761_J,field_76761_J
field_76514_h,field_76514_h
field_72197_a,field_72197_a
field_72106_bF,field_72106_bF
field_77923_c,field_77923_c
field_76264_q,field_76264_q
field_73547_i,field_73547_i
field_71973_m,field_71973_m
field_75510_g,field_75510_g
field_70177_z,field_70177_z
field_75254_a,field_75254_a
field_76721_h,field_76721_h
field_75348_a,field_75348_a
field_77700_c,field_77700_c
field_75370_b,field_75370_b
field_76263_r,field_76263_r
field_72579_o,field_72579_o
field_76006_d,field_76006_d
field_75930_F,field_75930_F
field_75647_c,field_75647_c
field_70982_bz,field_70982_bz
field_70410_b,field_70410_b
field_70787_b,field_70787_b
field_75269_a,field_75269_a
field_70863_bz,field_70863_bz
field_35610_b,field_35610_b
field_73177_m,field_73177_m
func_25055_a,func_25055_a
field_71978_w,field_71978_w
field_77611_a,field_77611_a
field_77675_C,field_77675_C
field_77173_c,field_77173_c
func_27002_a,func_27002_a
field_70524_c,field_70524_c
field_75322_b,field_75322_b
field_73653_f,field_73653_f
func_4067_a,func_4067_a
field_72028_cf,field_72028_cf
field_72047_aN,field_72047_aN
field_75229_a,field_75229_a
